1,Acnistus_arborescens
2,Anisodus_acutangulus
3,Anisodus_carniolicoides
4,Anisodus_luridus
5,Anisodus_tanguticus
6,Anthocercis_angustifolia
7,Anthocercis_gracilis
8,Anthocercis_ilicifolia
9,Anthocercis_intricata
10,Anthocercis_littorea
11,Cypanthera_myosotidea
12,Cypanthera_racemosa
13,Anthocercis_sylvicola
14,Anthocercis_viscosa
15,Anthotroche_blackii
16,Anthotroche_myoporoides
17,Anthotroche_pannosa
18,Anthotroche_walcottii
19,Athenaea_pogogena
20,Athenaea_sp
21,Atropa_belladonna
22,Atropa_komarovii
23,Atropanthe_sinensis
24,Aureliana_fasciculata
25,Benthamiella_patagonica
26,Benthamiella_skottsbergii
27,Bouchetia_anomala
28,Bouchetia_erecta
29,Brachistus_stramoniifolius
30,Browallia_eludens
31,Browallia_speciosa
32,Brugmansia_arborea
33,Brugmansia_aurea
34,Brugmansia_sanguinea
35,Brunfelsia_americana
36,Brunfelsia_uniflora
37,Calibrachoa_parviflora
38,Calibrachoa_pygmea
39,Calibrachoa_sellowiana
40,Capsicum_annuum
41,Capsicum_baccatum
42,Capsicum_campylopodium
43,Capsicum_cardenasii
44,Capsicum_ceratocalyx
45,Capsicum_chacoense
46,Capsicum_chinense
47,Capsicum_ciliatum
48,Capsicum_coccineum
49,Capsicum_eximium
50,Capsicum_flexuosum
51,Capsicum_frutescens
52,Capsicum_galapagoensis
53,Capsicum_geminifolium
54,Capsicum_hunzikerianum
55,Capsicum_lanceolatum
56,Capsicum_lycianthoides
57,Capsicum_minutiflorum
58,Capsicum_pereirae
59,Capsicum_pubescens
60,Capsicum_recurvatum
61,Capsicum_rhomboideum
62,Capsicum_schottianum
63,Capsicum_tovarii
64,Capsicum_villosum
65,Cestrum_acutifolium
66,Cestrum_aurantiacum
67,Cestrum_chiriquianum
68,Cestrum_dasyanthum
69,Cestrum_diurnum
70,Cestrum_elegans
71,Cestrum_endlicheri
72,Cestrum_fasciculatum
73,Cestrum_fragile
74,Cestrum_fulvescens
75,Cestrum_glanduliferum
76,Cestrum_guatemalense
77,Cestrum_inclusum
78,Cestrum_irazuense
79,Cestrum_laxum
80,Cestrum_luteo-virescens
81,Cestrum_macrophyllum
82,Cestrum_megalophyllum
83,Cestrum_milciomejiae
84,Cestrum_miradorense
85,Cestrum_mortonianum
86,Cestrum_nocturnum
87,Cestrum_oblongifolium
88,Cestrum_pacayense
89,Cestrum_pittieri
90,Cestrum_poasanum
91,Cestrum_regelii
92,Cestrum_rigidum
93,Cestrum_roseum
94,Cestrum_sphaerocarpum
95,Cestrum_strigilatum
96,Cestrum_thyrsoideum
97,Cestrum_tomentosum
98,Cestrum_tuerckheimii
99,Cestrum_violaceum
100,Cestrum_virgaurea
101,Chamaesaracha_coronopus
102,Chamaesaracha_sordida
103,Coeloneurum_ferrugineum
104,Combera_paradoxa
105,Crenidium_spinescens
106,Cuatresia_exiguiflora
107,Cuatresia_riparia
108,Cyphanthera_albicans
109,Cyphanthera_anthocercidea
110,Cyphanthera_microphylla
111,Cyphanthera_odgersii
112,Datura_bernhardii
113,Datura_ceratocaula
114,Datura_discolor
115,Datura_ferox
116,Datura_inoxia
117,Datura_laevis
118,Datura_leichhardtii
119,Datura_metel
120,Datura_quercifolia
121,Datura_rosei
122,Datura_stramonium
123,Deprea_bitteriana
124,Deprea_orinocensis
125,Deprea_paneroi
126,Deprea_sylvaticum
127,Discopodium_penninervium
128,Duboisia_hopwoodii
129,Duboisia_leichhardtii
130,Duboisia_myoporoides
131,Duckeodendron_cestroides
132,Dunalia_brachyacantha
133,Dunalia_obovata
134,Dunalia_solanacea
135,Dunalia_spathulata
136,Dunalia_spinosa
137,Dyssochroma_viridiflora
138,Eriolarynx_fasciculata
139,Eriolarynx_lorentzii
140,Espadaea_amoena
141,Exodeconus_miersii
142,Fabiana_imbricata
143,Goetzea_ekmanii
144,Goetzea_elegans
145,Grammosolen_dixonii
146,Grammosolen_truncatus
147,Henoonia_myrtifolia
148,Heteranthia_decipiens
149,Hunzikeria_texana
150,Hyoscyamus_albus
151,Hyoscyamus_aureus
152,Hyoscyamus_desertorum
153,Hyoscyamus_leptocalyx
154,Hyoscyamus_muticus
155,Hyoscyamus_niger
156,Hyoscyamus_pusillus
157,Hyoscyamus_turcomanicus
158,Iochroma_australe
159,Iochroma_calycinum
160,Iochroma_cardenasianum
161,Iochroma_confertiflorum
162,Iochroma_cornifolium
163,Iochroma_cyaneum
164,Iochroma_edule
165,Iochroma_ellipticum
166,Iochroma_fuchsioides
167,Iochroma_gesnerioides
168,Iochroma_grandiflorum
169,Iochroma_lehmannii
170,Iochroma_loxense
171,Iochroma_nitidum
172,Iochroma_parvifolium
173,Iochroma_salpoanum
174,Iochroma_squamosum
175,Iochroma_stenanthum
176,Iochroma_umbellatum
177,Ipomoea
178,Jaborosa_integrifolia
179,Jaborosa_sativa
180,Jaborosa_squarrosa
181,Jaltomata_andersonii
182,Jaltomata_antillana
183,Jaltomata_aspera
184,Jaltomata_auriculata
185,Jaltomata_bernardelloana
186,Jaltomata_bicolor
187,Jaltomata_biflora
188,Jaltomata_bohsiana
189,Jaltomata_cajacayensis
190,Jaltomata_chihuahuensis
191,Jaltomata_chotanae
192,Jaltomata_contumacensis
193,Jaltomata_darcyana
194,Jaltomata_dendroidea
195,Jaltomata_dentata
196,Jaltomata_grandiflora
197,Jaltomata_guillermo-guerrae
198,Jaltomata_herrerae
199,Jaltomata_lanata
200,Jaltomata_leivae
201,Jaltomata_lezamae
202,Jaltomata_lojae
203,Jaltomata_lomana
204,Jaltomata_mionei
205,Jaltomata_nigricolor
206,Jaltomata_oppositifolia
207,Jaltomata_paneroi
208,Jaltomata_procumbens
209,Jaltomata_repandidentata
210,Jaltomata_sagastegui
211,Jaltomata_salpoensis
212,Jaltomata_sanchez-vegae
213,Jaltomata_sinuosa
214,Jaltomata_tayabambae
215,Jaltomata_truxillana
216,Jaltomata_umbellata
217,Jaltomata_ventricosa
218,Jaltomata_viridiflora
219,Jaltomata_weberbaueri
220,Jaltomata_yacheri
221,Jaltomata_yungayensis
222,Juanulloa_mexicana
223,Larnax_dilloniana
224,Larnax_hawkesii
225,Larnax_nieva
226,Larnax_parviflora
227,Larnax_peruviana
228,Larnax_psilophyta
229,Larnax_purpurea
230,Larnax_sachapapa
231,Larnax_subtriflora
232,Larnax_suffruticosa
233,Larnax_sylvarum
234,Latua_pubiflora
235,Leptoglossis_darcyana
236,Leucophysalis_grandiflora
237,Leucophysalis_nana
238,Schraderanthus_viscosa
239,Lycianthes_acapulcensis
240,Lycianthes_acutifolia
241,Lycianthes_amatitlanensis
242,Lycianthes_asarifolia
243,Lycianthes_beckneriana
244,Lycianthes_biflora
245,Lycianthes_ciliolata
246,Lycianthes_dejecta
247,Lycianthes_denticulata
248,Lycianthes_fasciculata
249,Lycianthes_furcatistellata
250,Lycianthes_geminiflora
251,Lycianthes_glandulosa
252,Lycianthes_heteroclita
253,Lycianthes_inaequilatera
254,Lycianthes_jalicensis
255,Lycianthes_jelskii
256,Lycianthes_lenta
257,Lycianthes_lycioides
258,Lycianthes_lysimachioides
259,Lycianthes_moziniana
260,Lycianthes_multiflora
261,Lycianthes_nitida
262,Lycianthes_peduncularis
263,Lycianthes_pringlei
264,Lycianthes_pauciflora
265,Lycianthes_radiata
266,Lycianthes_rantonnetii
267,Lycianthes_rzedowskii
268,Lycianthes_saltensis
269,Lycianthes_sanctaeclarae
270,Lycianthes_shanesii
271,Lycianthes_stephanocalyx
272,Lycianthes_surotatensis
273,Lycianthes_synanthera
274,Lycianthes_tricolor
275,Lycium_acutifolium
276,Lycium_afrum
277,Lycium_ameghinoi
278,Lycium_americanum
279,Lycium_amoenum
280,Lycium_andersonii
281,Lycium_arenicola
282,Lycium_athium
283,Lycium_australe
284,Lycium_barbarum
285,Lycium_berlandieri
286,Lycium_boerhaviifolium
287,Lycium_bosciifolium
288,Lycium_brevipes
289,Lycium_californicum
290,Lycium_carolinianum
291,Lycium_cestroides
292,Lycium_chanar
293,Lycium_chilense
294,Lycium_chinense
295,Lycium_ciliatum
296,Lycium_cinereum
297,Lycium_cooperi
298,Lycium_cuneatum
299,Lycium_dasystemum
300,Lycium_decumbens
301,Lycium_depressum
302,Lycium_deserti
303,Lycium_duplicatum
304,Lycium_eenii
305,Lycium_elongatum
306,Lycium_europaeum
307,Lycium_exsertum
308,Lycium_ferocissimum
309,Lycium_fremontii
310,Lycium_fuscum
311,Lycium_gariepense
312,Lycium_gilliesianum
313,Lycium_grandicalyx
314,Lycium_hirsutum
315,Lycium_horridum
316,Lycium_infaustum
317,Lycium_macrodon
318,Lycium_microphyllum
319,Lycium_minimum
320,Lycium_minutifolium
321,Lycium_morongii
322,Lycium_nodosum
323,Lycium_oxycarpum
324,Lycium_pallidum
325,Lycium_parishii
326,Lycium_pilifolium
327,Lycium_puberulum
328,Lycium_pumilum
329,Lycium_rachidocladum
330,Lycium_ruthenicum
331,Lycium_sandwicense
332,Lycium_schizocalyx
333,Lycium_schweinfurthii
334,Lycium_shawii
335,Lycium_shockleyi
336,Lycium_stenophyllum
337,Lycium_strandveldense
338,Lycium_tenue
339,Lycium_tenuispinosum
340,Lycium_tetrandrum
341,Lycium_texanum
342,Lycium_torreyi
343,Lycium_truncatum
344,Lycium_villosum
345,Lycium_vimineum
346,Lycium_yunnanense
347,Mandragora_autumnalis
348,Mandragora_caulescens
349,Mandragora_chinghaiensis
350,Mandragora_officinarum
351,Mandragora_turcomanica
352,Markea_panamensis
353,Markea_ulei
354,Melananthus_guatemalensis
355,Mellissia_begonifolia
356,Merinthopodium_neuranthum
357,Metternichia_princeps
358,Metternichia_sp
359,Nectouxia_formosa
360,Nicandra_physalodes
361,Nicotiana_acaulis
362,Nicotiana_acuminata
363,Nicotiana_africana
364,Nicotiana_alata
365,Nicotiana_amplexicaulis
366,Nicotiana_arentsii
367,Nicotiana_benavidesii
368,Nicotiana_bonariensis
369,Nicotiana_cavicola
370,Nicotiana_clevelandii
371,Nicotiana_cordifolia
372,Nicotiana_corymbosa
373,Nicotiana_‚àö√≥digluta
374,Nicotiana_eastii
375,Nicotiana_excelsior
376,Nicotiana_exigua
377,Nicotiana_forgetiana
378,Nicotiana_forsteri
379,Nicotiana_glauca
380,Nicotiana_glutinosa
381,Nicotiana_goodspeedii
382,Nicotiana_gossei
383,Nicotiana_kawakamii
384,Nicotiana_knightiana
385,Nicotiana_langsdorffii
386,Nicotiana_linearis
387,Nicotiana_longiflora
388,Nicotiana_maritima
389,Nicotiana_megalosiphon
390,Nicotiana_miersii
391,Nicotiana_nesophila
392,Nicotiana_noctiflora
393,Nicotiana_nudicaulis
394,Nicotiana_obtusifolia
395,Nicotiana_occidentalis
396,Nicotiana_otophora
397,Nicotiana_palmeri
398,Nicotiana_paniculata
399,Nicotiana_pauciflora
400,Nicotiana_petunioides
401,Nicotiana_picilla
402,Nicotiana_plumbaginifolia
403,Nicotiana_quadrivalvis
404,Nicotiana_raimondii
405,Nicotiana_repanda
406,Nicotiana_rosulata
407,Nicotiana_rotundifolia
408,Nicotiana_rustica
409,Nicotiana_simulans
410,Nicotiana_solanifolia
411,Nicotiana_spegazzinii
412,Nicotiana_stocktonii
413,Nicotiana_suaveolens
414,Nicotiana_sylvestris
415,Nicotiana_tabacum
416,Nicotiana_thyrsiflora
417,Nicotiana_tomentosa
418,Nicotiana_tomentosiformis
419,Nicotiana_trigonophylla
420,Nicotiana_umbratica
421,Nicotiana_undulata
422,Nicotiana_velutina
423,Nicotiana_wigandioides
424,Nierembergia_andina
425,Nierembergia_angustifolia
426,Nierembergia_aristata
427,Nierembergia_boliviana
428,Nierembergia_browallioides
429,Nierembergia_calycina
430,Nierembergia_ericoides
431,Nierembergia_graveolens
432,Nierembergia_hatschbachii
433,Nierembergia_hippomanica
434,Nierembergia_linariifolia
435,Nierembergia_micrantha
436,Nierembergia_pinifolia
437,Nierembergia_pulchella
438,Nierembergia_repens
439,Nierembergia_rigida
440,Nierembergia_rivularis
441,Nierembergia_scoparia
442,Nierembergia_spathulata
443,Nierembergia_tucumanensis
444,Nierembergia_veitchii
445,Nolana_acuminata
446,Nolana_adansonii
447,Nolana_albescens
448,Nolana_aplocaryoides
449,Nolana_arequipensis
450,Nolana_aticoana
451,Nolana_baccata
452,Nolana_balsamiflua
453,Nolana_carnosa
454,Nolana_cerrateana
455,Nolana_chancoana
456,Nolana_chapiensis
457,Nolana_clivicola
458,Nolana_coelestis
459,Nolana_confinis
460,Nolana_coronata
461,Nolana_crassulifolia
462,Nolana_diffusa
463,Nolana_divaricata
464,Nolana_elegans
465,Nolana_filifolia
466,Nolana_flaccida
467,Nolana_galapagensis
468,Nolana_gayana
469,Nolana_humifusa
470,Nolana_incana
471,Nolana_inflata
472,Nolana_intonsa
473,Nolana_johnstonii
474,Nolana_laxa
475,Nolana_leptophylla
476,Nolana_lezamae
477,Nolana_linearifolia
478,Nolana_lycioides
479,Nolana_mollis
480,Nolana_onoana
481,Nolana_pallida
482,Nolana_paradoxa
483,Nolana_parviflora
484,Nolana_peruviana
485,Nolana_pilosa
486,Nolana_plicata
487,Nolana_pterocarpa
488,Nolana_ramosissima
489,Nolana_rostrata
490,Nolana_rupicola
491,Nolana_salsoloides
492,Nolana_scaposa
493,Nolana_sedifolia
494,Nolana_sessiliflora
495,Nolana_spathulata
496,Nolana_sphaerophylla
497,Nolana_stenophylla
498,Nolana_tarapacana
499,Nolana_thinophila
500,Nolana_tocopillensis
501,Nolana_tomentella
502,Nolana_urubambae
503,Nolana_villosa
504,Nolana_volcanica
505,Nolana_weissiana
506,Nolana_werdermannii
507,Nolana_willeana
508,Nothocestrum_latifolium
509,Nothocestrum_longifolium
510,Oryctes_nevadensis
511,Pantacantha_ameghinoi
512,Petunia_altiplana
513,Petunia_axillaris
514,Petunia_bonjardinensis
515,Petunia_exserta
516,Petunia_integrifolia
517,Petunia_littoralis
518,Petunia_mantiqueirensis
519,Petunia_reitzii
520,Petunia_saxicola
521,Petunia_scheideana
522,Petunia_secreta
523,Physalis_acutifolia
524,Physalis_alkekengi
525,Physalis_angulata
526,Physalis_angustifolia
527,Physalis_angustiphysa
528,Physalis_campechiana
529,Physalis_arenicola
530,Physalis_campanulata
531,Calliphysalis_carpenteri
532,Physalis_caudella
533,Physalis_cinerascens
534,Physalis_cordata
535,Physalis_coztomatl
536,Physalis_crassifolia
537,Physalis_glutinosa
538,Physalis_greenmanii
539,Physalis_hederifolia
540,Physalis_heterophylla
541,Physalis_ignota
542,Physalis_lagascae
543,Physalis_lanceolata
544,Physalis_lassa
545,Physalis_longifolia
546,Physalis_melanocystis
547,Physalis_microcarpa
548,Physalis_microphysa
549,Physalis_minima
550,Physalis_minimaculata
551,Physalis_mollis
552,Physalis_nicandroides
553,Physalis_patula
554,Physalis_peruviana
555,Physalis_philadelphica
556,Physalis_pruinosa
557,Physalis_pubescens
558,Physalis_pumila
559,Physalis_sordida
560,Physalis_virginiana
561,Physalis_viscosa
562,Physalis_walteri
563,Physochlaina_infundibularis
564,Physochlaina_orientalis
565,Physochlaina_physaloides
566,Physochlaina_praealta
567,Plowmania_nyctaginoides
568,Protoschwenkia_mandonii
569,Przewalskia_tangutica
570,Quincula_lobata
571,Reyesia_sp
572,Salpichroa_origanifolia
573,Salpiglossis_sinuata
574,Saracha_punctata
575,Saracha_quitensis
576,Schizanthus_alpestris
577,Schizanthus_candidus
578,Schizanthus_grahamii
579,Schizanthus_hookeri
580,Schizanthus_integrifolius
581,Schizanthus_lacteus
582,Schizanthus_laetus
583,Schizanthus_litoralis
584,Schizanthus_parvulus
585,Schizanthus_pinnatus
586,Schizanthus_porrigens
587,Schizanthus_tricolor
588,Schultesianthus_leucanthus
589,Schultesianthus_megalandrus
590,Schwenckia_glabrata
591,Schwenckia_lateriflora
592,Sclerophylax_adnatifolia
593,Sclerophylax_arnottii
594,Sclerophylax_sp
595,Sclerophylax_spinescens
596,Scopolia_carniolica
597,Scopolia_japonica
598,Scopolia_lutescens
599,Scopolia_parviflora
600,Sessea_corymbiflora
601,Sessea_stipulata
602,Sessea_vestita
603,Solandra_brachycalyx
604,Solandra_grandiflora
605,Solanum_absconditum
606,Solanum_abutiloides
607,Solanum_acanthodapis
608,Solanum_acaule
609,Solanum_accrescens
610,Solanum_acerifolium
611,Solanum_achacachense
612,Solanum_acroscopicum
613,Solanum_aculeastrum
614,Solanum_aculeatissimum
615,Solanum_acutilobum
616,Solanum_volubile
617,Solanum_adscendens
618,Solanum_aethiopicum
619,Solanum_aggregatum
620,Solanum_agrarium
621,Solanum_agrimoniifolium
622,Solanum_alandiae
623,Solanum_albicans
624,Solanum_albidum
625,Solanum_aligerum
626,Solanum_allophyllum
627,Solanum_amblymerum
628,Solanum_americanum
629,Solanum_amygdalifolium
630,Solanum_anceps
631,Solanum_andreanum
632,Solanum_anguivi
633,Solanum_angustialatum
634,Solanum_angustifolium
635,Solanum_annuum
636,Solanum_aphyodendron
637,Solanum_appendiculatum
638,Solanum_arachnidanthum
639,Solanum_arboreum
640,Solanum_argentinum
641,Solanum_argopetalum
642,Solanum_arnezii
643,Solanum_arundo
644,Solanum_asperolanatum
645,Solanum_asperum
646,Solanum_asterophorum
647,Solanum_asteropilodes
648,Solanum_asymmetriphyllum
649,Solanum_atropurpureum
650,Solanum_aturense
651,Solanum_aviculare
652,Solanum_avilesii
653,Solanum_bahamense
654,Solanum_batoides
655,Solanum_beaugleholei
656,Solanum_berthaultii
657,Solanum_betaceum
658,Solanum_bicorne
659,Solanum_bolivianum
660,Solanum_bonariense
661,Solanum_brevicaule
662,Solanum_brevifolium
663,Solanum_brownii
664,Solanum_buddleifolium
665,Solanum_bukasovii
666,Solanum_bulbocastanum
667,Solanum_bumeliifolium
668,Solanum_cacosmum
669,Solanum_caesium
670,Solanum_cajanumense
671,Solanum_calileguae
672,Solanum_campanulatum
673,Solanum_campylacanthum
674,Solanum_candidum
675,Solanum_candolleanum
676,Solanum_capense
677,Solanum_capsicastrum
678,Solanum_capsiciforme
679,Solanum_capsicoides
680,Solanum_cardiophyllum
681,Solanum_carduiforme
682,Solanum_caricaefolium
683,Solanum_caripense
684,Solanum_carolinense
685,Solanum_cataphractum
686,Solanum_centrale
687,Solanum_cerasiferum
688,Solanum_chacoense
689,Solanum_chamaepolybotryon
690,Solanum_cheesmaniae
691,Solanum_chenopodinum
692,Solanum_chenopodium
693,Solanum_chilense
694,Solanum_chippendalei
695,Solanum_chmielewskii
696,Solanum_chomatophilum
697,Solanum_chrysotrichum
698,Solanum_cinereum
699,Solanum_stipuloideum
700,Solanum_circinatum
701,Solanum_citrullifolium
702,Solanum_clandestinum
703,Solanum_clarkiae
704,Solanum_clarum
705,Solanum_cleistogamum
706,Solanum_coactiliferum
707,Solanum_colombianum
708,Solanum_comarapanum
709,Solanum_comptum
710,Solanum_aridum
711,Solanum_confusum
712,Solanum_conicum
713,Solanum_cookii
714,Solanum_cordovense
715,Solanum_coriaceum
716,Solanum_corifolium
717,Solanum_crinitipes
718,Solanum_crinitum
719,Solanum_crispum
720,Solanum_crotonoides
721,Solanum_insanum
722,Solanum_cunninghamii
723,Solanum_curvicuspe
724,Solanum_cyaneopurpureum
725,Solanum_cylindricum
726,Solanum_dasyphyllum
727,Solanum_davisense
728,Solanum_decompositiflorum
729,Solanum_delitescens
730,Solanum_demissum
731,Solanum_densevestitum
732,Solanum_dianthophorum
733,Solanum_dimorphispinum
734,Solanum_dioicum
735,Solanum_diphyllum
736,Solanum_diploconos
737,Solanum_discolor
738,Solanum_dissectum
739,Solanum_ditrichum
740,Solanum_diversiflorum
741,Solanum_doddsii
742,Solanum_donianum
743,Solanum_ensifolium
744,Solanum_dulcamara
745,Solanum_echinatum
746,Solanum_ehrenbergii
747,Solanum_elachophyllum
748,Solanum_elaeagnifolium
749,Solanum_ellipticum
750,Solanum_enantiophyllanthum
751,Solanum_endopogon
752,Solanum_esuriale
753,Solanum_etuberosum
754,Solanum_evolvulifolium
755,Solanum_exiguum
756,Solanum_fallax
757,Solanum_felinum
758,Solanum_ferocissimum
759,Solanum_fiebrigii
760,Solanum_fraxinifolium
761,Solanum_fructu-tecto
762,Solanum_furfuraceum
763,Solanum_fusiforme
764,Solanum_gabrielae
765,Solanum_galapagense
766,Solanum_gardneri
767,Solanum_giganteum
768,Solanum_glabratum
769,Solanum_glaucophyllum
770,Solanum_glutinosum
771,Solanum_goetzei
772,Solanum_grayi
773,Solanum_guerreroense
774,Solanum_guineense
775,Solanum_gympiense
776,Solanum_habrochaites
777,Solanum_hapalum
778,Solanum_hasslerianum
779,Solanum_havanense
780,Solanum_hayesii
781,Solanum_heinianum
782,Solanum_herculeum
783,Solanum_heterodoxum
784,Solanum_heteropodium
785,Solanum_hexandrum
786,Solanum_hibernum
787,Solanum_hieronymi
788,Solanum_hindsianum
789,Solanum_hirtum
790,Solanum_hjertingii
791,Solanum_hoehnei
792,Solanum_hoplopetalum
793,Solanum_horridum
794,Solanum_hougasii
795,Solanum_humile
796,Solanum_hyporhodium
797,Solanum_hystrix
798,Solanum_immite
799,Solanum_inaequilaterum
800,Solanum_incamayoense
801,Solanum_incanum
802,Solanum_incarceratum
803,Solanum_incompletum
804,Solanum_incurvum
805,Solanum_inelegans
806,Solanum_infundibuliforme
807,Solanum_innoxium
808,Solanum_iopetalum
809,Solanum_jabrense
810,Solanum_jamaicense
811,Solanum_jamesii
812,Solanum_johnsonianum
813,Solanum_johnstonii
814,Solanum_jucundum
815,Solanum_juglandifolium
816,Solanum_juvenale
817,Solanum_kurtzianum
818,Solanum_kurzii
819,Solanum_tettense
820,Solanum_laciniatum
821,Solanum_lamprocarpum
822,Solanum_lanceifolium
823,Solanum_lanceolatum
824,Solanum_lasiocarpum
825,Solanum_lasiophyllum
826,Solanum_latens
827,Solanum_latiflorum
828,Solanum_laxissimum
829,Solanum_laxum
830,Solanum_leopoldensis
831,Solanum_lepidotum
832,Solanum_leptophyes
833,Solanum_lichtensteinii
834,Solanum_lidii
835,Solanum_lignicaule
836,Solanum_limitare
837,Solanum_linearifolium
838,Solanum_linnaeanum
839,Solanum_longiconicum
840,Solanum_lucani
841,Solanum_lumholtzianum
842,Solanum_luteoalbum
843,Solanum_lycocarpum
844,Solanum_lycopersicoides
845,Solanum_lycopersicum
846,Solanum_lyratum
847,Solanum_lythrocarpum
848,Solanum_macoorai
849,Solanum_macrocarpon
850,Solanum_maglia
851,Solanum_mahoriense
852,Solanum_mammosum
853,Solanum_mapiriense
854,Solanum_marginatum
855,Solanum_marinasense
856,Solanum_maternum
857,Solanum_mauritianum
858,Solanum_megalonyx
859,Solanum_boliviense
860,Solanum_melanospermum
861,Solanum_melissarum
862,Solanum_melongena
863,Solanum_microdontum
864,Solanum_microphyllum
865,Solanum_mitchellianum
866,Solanum_mite
867,Solanum_mitlense
868,Solanum_monachophyllum
869,Solanum_monarchostemon
870,Solanum_montanum
871,Solanum_morelliforme
872,Solanum_mortonii
873,Solanum_moscopanum
874,Solanum_moxosense
875,Solanum_multifidum
876,Solanum_multiinterruptum
877,Solanum_multispinum
878,Solanum_multivenosum
879,Solanum_muricatum
880,Solanum_myoxotrichum
881,Solanum_myriacanthum
882,Solanum_nakurense
883,Solanum_nemophilum
884,Solanum_nemorense
885,Solanum_neoanglicum
886,Solanum_neorickii
887,Solanum_nigriviolaceum
888,Solanum_nigrum
889,Solanum_nitidum
890,Solanum_nobile
891,Solanum_nummularium
892,Solanum_obliquum
893,Solanum_occultum
894,Solanum_ochranthum
895,Solanum_ochrophyllum
896,Solanum_oedipus
897,Solanum_okadae
898,Solanum_oldfieldii
899,Solanum_oligacanthum
900,Solanum_opacum
901,Solanum_oplocense
902,Solanum_orbiculatum
903,Solanum_ovigerum
904,Solanum_oxycarpum
905,Solanum_oxyphyllum
906,Solanum_palinacanthum
907,Solanum_palitans
908,Solanum_pallidum
909,Solanum_paludosum
910,Solanum_palustre
911,Solanum_pampasense
912,Solanum_pancheri
913,Solanum_panduriforme
914,Solanum_paniculatum
915,Solanum_papaverifolium
916,Solanum_paposanum
917,Solanum_paraibanum
918,Solanum_pascoense
919,Solanum_pectinatum
920,Solanum_pedemontanum
921,Solanum_pendulum
922,Solanum_pennellii
923,Solanum_peruvianum
924,Solanum_petraeum
925,Solanum_petrophilum
926,Solanum_phaseoloides
927,Solanum_phlomoides
928,Solanum_physalifolium
929,Solanum_pimpinellifolium
930,Solanum_pinetorum
931,Solanum_pinnatisectum
932,Solanum_piurae
933,Solanum_platense
934,Solanum_pluviale
935,Solanum_poinsettiifolium
936,Solanum_polyadenium
937,Solanum_polytrichum
938,Solanum_prinophyllum
939,Solanum_proteanthum
940,Solanum_pseudocapsicum
941,Solanum_pseudolulo
942,Solanum_ptychanthum
943,Solanum_pubigerum
944,Solanum_pungetium
945,Solanum_pyracanthos
946,Solanum_africanum
947,Solanum_quadriloculatum
948,Solanum_quitoense
949,Solanum_raphanifolium
950,Solanum_reductum
951,Solanum_reflexiflorum
952,Solanum_refractum
953,Solanum_repandum
954,Solanum_reptans
955,Solanum_retroflexum
956,Solanum_rhytidoandrum
957,Solanum_rigescentoides
958,Solanum_riojense
959,Solanum_rixosum
960,Solanum_robustum
961,Solanum_roseum
962,Solanum_rostratum
963,Solanum_rovirosanum
964,Solanum_rudepannum
965,Solanum_rugosum
966,Solanum_rupincola
967,Solanum_sandwicense
968,Solanum_santolallae
969,Solanum_savanillense
970,Solanum_scabrifolium
971,Solanum_scabrum
972,Solanum_schenckii
973,Solanum_schimperianum
974,Solanum_schlechtendalianum
975,Solanum_schomburghii
976,Solanum_sciadostylis
977,Solanum_sejunctum
978,Solanum_semiarmatum
979,Solanum_sendtnerianum
980,Solanum_serpens
981,Solanum_sessiliflorum
982,Solanum_sessilistellatum
983,Solanum_shirleyanum
984,Solanum_sibundoyense
985,Solanum_simile
986,Solanum_sisymbriifolium
987,Solanum_sitiens
988,Solanum_sparsipilum
989,Solanum_spegazzinii
990,Solanum_stagnale
991,Solanum_stellativelutinum
992,Solanum_stelligerum
993,Solanum_stenandrum
994,Solanum_stenophyllidium
995,Solanum_stenopterum
996,Solanum_stoloniferum
997,Solanum_stramoniifolium
998,Solanum_stuckertii
999,Solanum_stupefactum
1000,Solanum_sturtianum
1001,Solanum_subinerme
1002,Solanum_subpanduratum
1003,Solanum_sucrense
1004,Solanum_supinum
1005,Solanum_symonii
1006,Solanum_taeniotrichum
1007,Solanum_talarense
1008,Solanum_tampicense
1009,Solanum_tarijense
1010,Solanum_tegore
1011,Solanum_tenuipes
1012,Solanum_tenuisetosum
1013,Solanum_tenuispinum
1014,Solanum_terminale
1015,Solanum_ternatum
1016,Solanum_tetramerum
1017,Solanum_tetrathecum
1018,Solanum_thelopodium
1019,Solanum_thomasiifolium
1020,Solanum_coagulans
1021,Solanum_tobagense
1022,Solanum_toliaraea
1023,Solanum_tomentosum
1024,Solanum_torvum
1025,Solanum_tredecimgranum
1026,Solanum_tribulosum
1027,Solanum_houstonii
1028,Solanum_triflorum
1029,Solanum_tripartitum
1030,Solanum_trisectum
1031,Solanum_tuberosum
1032,Solanum_tudununggae
1033,Solanum_tundalomense
1034,Solanum_turneroides
1035,Solanum_ugentii
1036,Solanum_uncinellum
1037,Solanum_unilobum
1038,Solanum_ursinum
1039,Solanum_urticans
1040,Solanum_vaccinioides
1041,Solanum_valdiviense
1042,Solanum_vansittartense
1043,Solanum_vernei
1044,Solanum_verrucosum
1045,Solanum_vescum
1046,Solanum_vespertilio
1047,Solanum_vestissimum
1048,Solanum_viarum
1049,Solanum_vicinum
1050,Solanum_villosum
1051,Solanum_violaceimarmoratum
1052,Solanum_violaceum
1053,Solanum_viridifolium
1054,Solanum_wallacei
1055,Solanum_wendlandii
1056,Solanum_whalenii
1057,Solanum_wrightii
1058,Solanum_yungasense
1059,Streptosolen_jamesonii
1060,Symonanthus_aromaticus
1061,Symonanthus_bancroftii
1062,Trianaea_sp
1063,Trianaea_speciosa
1064,Tsoala_tubiflora
1065,Tzeltalia_amphitricha
1066,Tzeltalia_calidaria
1067,Vassobia_breviflora
1068,Vassobia_dichotoma
1069,Vestia_foetida
1070,Vestia_lycioides
1071,Withania_coagulans
1072,Withania_somnifera
1073,Cuatresia_cuneata
1074,Witheringia_macrantha
1075,Witheringia_meiantha
1076,Witheringia_solanacea;